{
	"partitions" : [
		{
			"name" : "Top",
			"pins" : [
				{
					"name" : "led_salida",
					"strict" : false
				},
				{
					"name" : "estado_in",
					"strict" : false
				},
				{
					"name" : "Claveingresada",
					"strict" : false
				},
				{
					"name" : "correcto",
					"strict" : false
				},
				{
					"name" : "PuertaAbierta",
					"strict" : false
				},
				{
					"name" : "error",
					"strict" : false
				},
				{
					"name" : "Alarma",
					"strict" : false
				},
				{
					"name" : "estado_alarma",
					"strict" : false
				},
				{
					"name" : "Led_correcto",
					"strict" : false
				},
				{
					"name" : "Led_Incorrecto",
					"strict" : false
				},
				{
					"name" : "HEX0[6]",
					"strict" : false
				},
				{
					"name" : "HEX0[5]",
					"strict" : false
				},
				{
					"name" : "HEX0[4]",
					"strict" : false
				},
				{
					"name" : "HEX0[2]",
					"strict" : false
				},
				{
					"name" : "HEX0[1]",
					"strict" : false
				},
				{
					"name" : "HEX0[0]",
					"strict" : false
				},
				{
					"name" : "HEX1[6]",
					"strict" : false
				},
				{
					"name" : "HEX1[5]",
					"strict" : false
				},
				{
					"name" : "HEX1[4]",
					"strict" : false
				},
				{
					"name" : "HEX1[1]",
					"strict" : false
				},
				{
					"name" : "HEX1[0]",
					"strict" : false
				},
				{
					"name" : "HEX2[6]",
					"strict" : false
				},
				{
					"name" : "HEX2[5]",
					"strict" : false
				},
				{
					"name" : "HEX2[4]",
					"strict" : false
				},
				{
					"name" : "HEX2[3]",
					"strict" : false
				},
				{
					"name" : "HEX2[2]",
					"strict" : false
				},
				{
					"name" : "HEX2[1]",
					"strict" : false
				},
				{
					"name" : "HEX2[0]",
					"strict" : false
				},
				{
					"name" : "HEX3[6]",
					"strict" : false
				},
				{
					"name" : "HEX3[5]",
					"strict" : false
				},
				{
					"name" : "HEX3[4]",
					"strict" : false
				},
				{
					"name" : "HEX3[3]",
					"strict" : false
				},
				{
					"name" : "HEX3[2]",
					"strict" : false
				},
				{
					"name" : "HEX3[1]",
					"strict" : false
				},
				{
					"name" : "HEX3[0]",
					"strict" : false
				},
				{
					"name" : "HEX4[6]",
					"strict" : false
				},
				{
					"name" : "HEX4[5]",
					"strict" : false
				},
				{
					"name" : "HEX4[4]",
					"strict" : false
				},
				{
					"name" : "HEX4[3]",
					"strict" : false
				},
				{
					"name" : "HEX4[2]",
					"strict" : false
				},
				{
					"name" : "HEX4[1]",
					"strict" : false
				},
				{
					"name" : "HEX4[0]",
					"strict" : false
				},
				{
					"name" : "HEX5[6]",
					"strict" : false
				},
				{
					"name" : "HEX5[5]",
					"strict" : false
				},
				{
					"name" : "HEX5[4]",
					"strict" : false
				},
				{
					"name" : "HEX5[3]",
					"strict" : false
				},
				{
					"name" : "HEX5[2]",
					"strict" : false
				},
				{
					"name" : "HEX5[1]",
					"strict" : false
				},
				{
					"name" : "HEX5[0]",
					"strict" : false
				},
				{
					"name" : "salida[3]",
					"strict" : false
				},
				{
					"name" : "salida[2]",
					"strict" : false
				},
				{
					"name" : "salida[1]",
					"strict" : false
				},
				{
					"name" : "salida[0]",
					"strict" : false
				},
				{
					"name" : "Reloj_50",
					"strict" : false
				},
				{
					"name" : "resetn",
					"strict" : false
				},
				{
					"name" : "start",
					"strict" : false
				},
				{
					"name" : "sensor_PA",
					"strict" : false
				},
				{
					"name" : "Ent[3]",
					"strict" : false
				},
				{
					"name" : "Ent[2]",
					"strict" : false
				},
				{
					"name" : "Ent[1]",
					"strict" : false
				},
				{
					"name" : "Ent[0]",
					"strict" : false
				}
			]
		}
	]
}